<?xml version="1.0" encoding="UTF-8"?>
<project-private xmlns="http://www.netbeans.org/ns/project-private/1">
    <editor-bookmarks xmlns="http://www.netbeans.org/ns/editor-bookmarks/2" lastBookmarkId="0"/>
    <open-files xmlns="http://www.netbeans.org/ns/projectui-open-files/2">
        <group>
            <file>file:/C:/Users/adan/Dropbox/School/FIU/Courses/COP2210/Programming%20Assignments/Assignment%203/HauntedHouseGame/src/com/github/vasc0x/hauntedhouse/HauntedHouseGameLauncher.java</file>
            <file>file:/C:/Users/adan/Dropbox/School/FIU/Courses/COP2210/Programming%20Assignments/Assignment%203/HauntedHouseGame/src/com/github/vasc0x/hauntedhouse/Item.java</file>
            <file>file:/C:/Users/adan/Dropbox/School/FIU/Courses/COP2210/Programming%20Assignments/Assignment%203/HauntedHouseGame/src/com/github/vasc0x/hauntedhouse/Messages.java</file>
            <file>file:/C:/Users/adan/Dropbox/School/FIU/Courses/COP2210/Programming%20Assignments/Assignment%203/HauntedHouseGame/src/com/github/vasc0x/hauntedhouse/Room.java</file>
        </group>
    </open-files>
</project-private>
